kategori,nama
Instansi,Sekretariat Daerah
Instansi,Sekretariat DPRD
Instansi,Inspektorat
Instansi,Satuan Polisi Pamong Praja
Instansi,Dinas Pendidikan
Instansi,Dinas Kesehatan
Instansi,Dinas Sosial
Instansi,Dinas Komunikasi dan Informatika
Instansi,Dinas Perhubungan
Instansi,Dinas Tenaga Kerja dan Transmigrasi
Instansi,Dinas Pekerjaan Umum dan Penataan Ruang
Instansi,Dinas Perumahan dan Pemukiman
Instansi,Dinas Ketahanan Pangan
Instansi,Dinas Lingkungan Hidup
Instansi,Dinas Kependudukan dan Pencatatan Sipil
Instansi,Dinas Pemberdayaan Masyarakat dan Desa
Instansi,"Dinas Pengendalian Penduduk, Keluarga Berencana, Pemberdayaan Perempuan dan Perlindungan Anak"
Instansi,Dinas Koperasi dan UMKM
Instansi,Dinas Penanaman Modal dan Perizinan Terpadu
Instansi,Dinas Pemuda dan Olahraga
Instansi,Dinas Pariwisata dan Kebudayaan
Instansi,Dinas Perpustakaan dan Kearsipan
Instansi,Dinas Perikanan dan Peternakan
Instansi,"Dinas Perindustrian, Perdagangan, Energi dan Sumber Daya Mineral"
Instansi,Dinas Pertanian
Instansi,Dinas Pemadam Kebakaran
Instansi,Badan Perencanaan Pembangunan Daerah
Instansi,Badan Kepegawaian dan Diklat
Instansi,Badan Pengelolaan Keuangan dan Aset Daerah
Instansi,Badan Pendapatan Daerah
Instansi,Badan Kesatuan Bangsa dan Politik
Instansi,Badan Penanggulangan Bencana Daerah
Instansi,Badan Pengelola RSU dr. Slamet
Kecamatan,Banjarwangi
Kecamatan,Banyuresmi
Kecamatan,Bayongbong
Kecamatan,Bungbulang
Kecamatan,Caringin
Kecamatan,Cibalong
Kecamatan,Cibatu
Kecamatan,Cibiuk
Kecamatan,Cigedug
Kecamatan,Cihurip
Kecamatan,Cikajang
Kecamatan,Cikelet
Kecamatan,Cilawu
Kecamatan,Cisewu
Kecamatan,Cisompet
Kecamatan,Cisurupan
Kecamatan,Garut Kota
Kecamatan,Kadungora
Kecamatan,Karangpawitan
Kecamatan,Karangtengah
Kecamatan,Kersamanah
Kecamatan,Leles
Kecamatan,Leuwigoong
Kecamatan,Limbangan
Kecamatan,Malangbong
Kecamatan,Mekarmukti
Kecamatan,Pakenjeng
Kecamatan,Pameungpeuk
Kecamatan,Pamulihan
Kecamatan,Pangatikan
Kecamatan,Pasirwangi
Kecamatan,Peundeuy
Kecamatan,Samarang
Kecamatan,Selaawi
Kecamatan,Singajaya
Kecamatan,Sucinaraja
Kecamatan,Sukaresmi
Kecamatan,Sukawening
Kecamatan,Talegong
Kecamatan,Tarogong Kaler
Kecamatan,Tarogong Kidul
Kecamatan,Wanaraja
Kelurahan,Pakuwon
Kelurahan,Cimanganten
Kelurahan,Sindanglaya
Kelurahan,Sukakarya
Kelurahan,Sukagalih
Kelurahan,Jayaraga
Kelurahan,Sukabakti
Kelurahan,Sukajaya
Puskesmas,Puskesmas Cisewu
Puskesmas,Puskesmas Sukarame
Puskesmas,Puskesmas Talegong
Puskesmas,Puskesmas Bungbulang
Puskesmas,Puskesmas Mekarmukti
Puskesmas,Puskesmas Pamulihan
Puskesmas,Puskesmas Cisandaan
Puskesmas,Puskesmas Sindangratu
Puskesmas,Puskesmas Cikelet
Puskesmas,Puskesmas Cibalong
Puskesmas,Puskesmas Pameungpeuk
Puskesmas,Puskesmas Cikoneng
Puskesmas,Puskesmas Banjarwangi
Puskesmas,Puskesmas Cihurip
Puskesmas,Puskesmas Singajaya
Puskesmas,Puskesmas Peundeuy
Puskesmas,Puskesmas Cisompet
Puskesmas,Puskesmas Garawangsa
Puskesmas,Puskesmas Wanaraja
Puskesmas,Puskesmas Karangmulya
Puskesmas,Puskesmas Malangbong
Puskesmas,Puskesmas Selaawi
Puskesmas,Puskesmas Cibiuk
Puskesmas,Puskesmas Kadungora
Puskesmas,Puskesmas Leuwigoong
Puskesmas,Puskesmas Lembang
Puskesmas,Puskesmas Sukakarya
Puskesmas,Puskesmas Sukaraja
Puskesmas,Puskesmas Sukasenang
Puskesmas,Puskesmas Sukagalih
Puskesmas,Puskesmas Haurpanggung
Puskesmas,Puskesmas Mekarwangi
Puskesmas,Puskesmas Citeras
Puskesmas,Puskesmas Bagendit
Puskesmas,Puskesmas Sukawening
Puskesmas,Puskesmas Cikelet (Rawat Inap)
